image_path,style,type,filename,embedding_index
../dataset/cleaned\formal\jacket\formal_jacket_001.png,formal,jacket,formal_jacket_001.png,0
../dataset/cleaned\formal\jacket\formal_jacket_002.png,formal,jacket,formal_jacket_002.png,1
../dataset/cleaned\formal\jacket\formal_jacket_003.png,formal,jacket,formal_jacket_003.png,2
../dataset/cleaned\formal\jacket\formal_jacket_004.png,formal,jacket,formal_jacket_004.png,3
../dataset/cleaned\formal\jacket\formal_jacket_005.png,formal,jacket,formal_jacket_005.png,4
../dataset/cleaned\formal\jacket\formal_jacket_006.png,formal,jacket,formal_jacket_006.png,5
../dataset/cleaned\formal\jacket\formal_jacket_007.png,formal,jacket,formal_jacket_007.png,6
../dataset/cleaned\formal\jacket\formal_jacket_008.png,formal,jacket,formal_jacket_008.png,7
../dataset/cleaned\formal\jacket\formal_jacket_009.png,formal,jacket,formal_jacket_009.png,8
../dataset/cleaned\formal\jacket\formal_jacket_010.png,formal,jacket,formal_jacket_010.png,9
../dataset/cleaned\formal\jacket\formal_jacket_011.png,formal,jacket,formal_jacket_011.png,10
../dataset/cleaned\formal\jacket\formal_jacket_012.png,formal,jacket,formal_jacket_012.png,11
../dataset/cleaned\formal\jacket\formal_jacket_013.png,formal,jacket,formal_jacket_013.png,12
../dataset/cleaned\formal\jacket\formal_jacket_014.png,formal,jacket,formal_jacket_014.png,13
../dataset/cleaned\formal\jacket\formal_jacket_015.png,formal,jacket,formal_jacket_015.png,14
../dataset/cleaned\formal\jacket\formal_jacket_016.png,formal,jacket,formal_jacket_016.png,15
../dataset/cleaned\formal\jacket\formal_jacket_017.png,formal,jacket,formal_jacket_017.png,16
../dataset/cleaned\formal\jacket\formal_jacket_018.png,formal,jacket,formal_jacket_018.png,17
../dataset/cleaned\formal\jacket\formal_jacket_019.png,formal,jacket,formal_jacket_019.png,18
../dataset/cleaned\formal\jacket\formal_jacket_020.png,formal,jacket,formal_jacket_020.png,19
../dataset/cleaned\formal\jacket\formal_jacket_021.png,formal,jacket,formal_jacket_021.png,20
../dataset/cleaned\formal\jacket\formal_jacket_022.png,formal,jacket,formal_jacket_022.png,21
../dataset/cleaned\formal\jacket\formal_jacket_023.png,formal,jacket,formal_jacket_023.png,22
../dataset/cleaned\formal\jacket\formal_jacket_024.png,formal,jacket,formal_jacket_024.png,23
../dataset/cleaned\formal\jacket\formal_jacket_025.png,formal,jacket,formal_jacket_025.png,24
../dataset/cleaned\formal\jacket\formal_jacket_026.png,formal,jacket,formal_jacket_026.png,25
../dataset/cleaned\formal\jacket\formal_jacket_027.png,formal,jacket,formal_jacket_027.png,26
../dataset/cleaned\formal\jacket\formal_jacket_028.png,formal,jacket,formal_jacket_028.png,27
../dataset/cleaned\formal\jacket\formal_jacket_029.png,formal,jacket,formal_jacket_029.png,28
../dataset/cleaned\formal\jacket\formal_jacket_030.png,formal,jacket,formal_jacket_030.png,29
../dataset/cleaned\formal\jacket\formal_jacket_031.png,formal,jacket,formal_jacket_031.png,30
../dataset/cleaned\formal\jacket\formal_jacket_032.png,formal,jacket,formal_jacket_032.png,31
../dataset/cleaned\formal\jacket\formal_jacket_033.png,formal,jacket,formal_jacket_033.png,32
../dataset/cleaned\formal\jacket\formal_jacket_034.png,formal,jacket,formal_jacket_034.png,33
../dataset/cleaned\formal\jacket\formal_jacket_035.png,formal,jacket,formal_jacket_035.png,34
../dataset/cleaned\formal\jacket\formal_jacket_036.png,formal,jacket,formal_jacket_036.png,35
../dataset/cleaned\formal\jacket\formal_jacket_037.png,formal,jacket,formal_jacket_037.png,36
../dataset/cleaned\formal\jacket\formal_jacket_038.png,formal,jacket,formal_jacket_038.png,37
../dataset/cleaned\formal\jacket\formal_jacket_039.png,formal,jacket,formal_jacket_039.png,38
../dataset/cleaned\formal\jacket\formal_jacket_040.png,formal,jacket,formal_jacket_040.png,39
../dataset/cleaned\formal\jacket\formal_jacket_041.png,formal,jacket,formal_jacket_041.png,40
../dataset/cleaned\formal\jacket\formal_jacket_042.png,formal,jacket,formal_jacket_042.png,41
../dataset/cleaned\formal\jacket\formal_jacket_043.png,formal,jacket,formal_jacket_043.png,42
../dataset/cleaned\formal\jacket\formal_jacket_044.png,formal,jacket,formal_jacket_044.png,43
../dataset/cleaned\formal\jacket\formal_jacket_045.png,formal,jacket,formal_jacket_045.png,44
../dataset/cleaned\formal\jacket\formal_jacket_046.png,formal,jacket,formal_jacket_046.png,45
../dataset/cleaned\formal\jacket\formal_jacket_047.png,formal,jacket,formal_jacket_047.png,46
../dataset/cleaned\formal\jacket\formal_jacket_048.png,formal,jacket,formal_jacket_048.png,47
../dataset/cleaned\formal\jacket\formal_jacket_049.png,formal,jacket,formal_jacket_049.png,48
../dataset/cleaned\formal\jacket\formal_jacket_050.png,formal,jacket,formal_jacket_050.png,49
../dataset/cleaned\formal\pants\formal_pants_001.png,formal,pants,formal_pants_001.png,50
../dataset/cleaned\formal\pants\formal_pants_002.png,formal,pants,formal_pants_002.png,51
../dataset/cleaned\formal\pants\formal_pants_003.png,formal,pants,formal_pants_003.png,52
../dataset/cleaned\formal\pants\formal_pants_004.png,formal,pants,formal_pants_004.png,53
../dataset/cleaned\formal\pants\formal_pants_005.png,formal,pants,formal_pants_005.png,54
../dataset/cleaned\formal\pants\formal_pants_006.png,formal,pants,formal_pants_006.png,55
../dataset/cleaned\formal\pants\formal_pants_007.png,formal,pants,formal_pants_007.png,56
../dataset/cleaned\formal\pants\formal_pants_008.png,formal,pants,formal_pants_008.png,57
../dataset/cleaned\formal\pants\formal_pants_009.png,formal,pants,formal_pants_009.png,58
../dataset/cleaned\formal\pants\formal_pants_010.png,formal,pants,formal_pants_010.png,59
../dataset/cleaned\formal\pants\formal_pants_011.png,formal,pants,formal_pants_011.png,60
../dataset/cleaned\formal\pants\formal_pants_012.png,formal,pants,formal_pants_012.png,61
../dataset/cleaned\formal\pants\formal_pants_013.png,formal,pants,formal_pants_013.png,62
../dataset/cleaned\formal\pants\formal_pants_014.png,formal,pants,formal_pants_014.png,63
../dataset/cleaned\formal\pants\formal_pants_015.png,formal,pants,formal_pants_015.png,64
../dataset/cleaned\formal\pants\formal_pants_016.png,formal,pants,formal_pants_016.png,65
../dataset/cleaned\formal\pants\formal_pants_017.png,formal,pants,formal_pants_017.png,66
../dataset/cleaned\formal\pants\formal_pants_018.png,formal,pants,formal_pants_018.png,67
../dataset/cleaned\formal\pants\formal_pants_019.png,formal,pants,formal_pants_019.png,68
../dataset/cleaned\formal\pants\formal_pants_020.png,formal,pants,formal_pants_020.png,69
../dataset/cleaned\formal\pants\formal_pants_021.png,formal,pants,formal_pants_021.png,70
../dataset/cleaned\formal\pants\formal_pants_022.png,formal,pants,formal_pants_022.png,71
../dataset/cleaned\formal\pants\formal_pants_023.png,formal,pants,formal_pants_023.png,72
../dataset/cleaned\formal\pants\formal_pants_024.png,formal,pants,formal_pants_024.png,73
../dataset/cleaned\formal\pants\formal_pants_025.png,formal,pants,formal_pants_025.png,74
../dataset/cleaned\formal\pants\formal_pants_026.png,formal,pants,formal_pants_026.png,75
../dataset/cleaned\formal\pants\formal_pants_027.png,formal,pants,formal_pants_027.png,76
../dataset/cleaned\formal\pants\formal_pants_028.png,formal,pants,formal_pants_028.png,77
../dataset/cleaned\formal\pants\formal_pants_029.png,formal,pants,formal_pants_029.png,78
../dataset/cleaned\formal\pants\formal_pants_030.png,formal,pants,formal_pants_030.png,79
../dataset/cleaned\formal\pants\formal_pants_031.png,formal,pants,formal_pants_031.png,80
../dataset/cleaned\formal\pants\formal_pants_032.png,formal,pants,formal_pants_032.png,81
../dataset/cleaned\formal\pants\formal_pants_033.png,formal,pants,formal_pants_033.png,82
../dataset/cleaned\formal\pants\formal_pants_034.png,formal,pants,formal_pants_034.png,83
../dataset/cleaned\formal\pants\formal_pants_035.png,formal,pants,formal_pants_035.png,84
../dataset/cleaned\formal\pants\formal_pants_036.png,formal,pants,formal_pants_036.png,85
../dataset/cleaned\formal\pants\formal_pants_037.png,formal,pants,formal_pants_037.png,86
../dataset/cleaned\formal\pants\formal_pants_038.png,formal,pants,formal_pants_038.png,87
../dataset/cleaned\formal\pants\formal_pants_039.png,formal,pants,formal_pants_039.png,88
../dataset/cleaned\formal\pants\formal_pants_040.png,formal,pants,formal_pants_040.png,89
../dataset/cleaned\formal\pants\formal_pants_041.png,formal,pants,formal_pants_041.png,90
../dataset/cleaned\formal\pants\formal_pants_042.png,formal,pants,formal_pants_042.png,91
../dataset/cleaned\formal\pants\formal_pants_043.png,formal,pants,formal_pants_043.png,92
../dataset/cleaned\formal\pants\formal_pants_044.png,formal,pants,formal_pants_044.png,93
../dataset/cleaned\formal\pants\formal_pants_045.png,formal,pants,formal_pants_045.png,94
../dataset/cleaned\formal\pants\formal_pants_046.png,formal,pants,formal_pants_046.png,95
../dataset/cleaned\formal\pants\formal_pants_047.png,formal,pants,formal_pants_047.png,96
../dataset/cleaned\formal\pants\formal_pants_048.png,formal,pants,formal_pants_048.png,97
../dataset/cleaned\formal\pants\formal_pants_049.png,formal,pants,formal_pants_049.png,98
../dataset/cleaned\formal\pants\formal_pants_050.png,formal,pants,formal_pants_050.png,99
../dataset/cleaned\formal\shoes\formal_shoes_001.png,formal,shoes,formal_shoes_001.png,100
../dataset/cleaned\formal\shoes\formal_shoes_002.png,formal,shoes,formal_shoes_002.png,101
../dataset/cleaned\formal\shoes\formal_shoes_003.png,formal,shoes,formal_shoes_003.png,102
../dataset/cleaned\formal\shoes\formal_shoes_004.png,formal,shoes,formal_shoes_004.png,103
../dataset/cleaned\formal\shoes\formal_shoes_005.png,formal,shoes,formal_shoes_005.png,104
../dataset/cleaned\formal\shoes\formal_shoes_006.png,formal,shoes,formal_shoes_006.png,105
../dataset/cleaned\formal\shoes\formal_shoes_007.png,formal,shoes,formal_shoes_007.png,106
../dataset/cleaned\formal\shoes\formal_shoes_008.png,formal,shoes,formal_shoes_008.png,107
../dataset/cleaned\formal\shoes\formal_shoes_009.png,formal,shoes,formal_shoes_009.png,108
../dataset/cleaned\formal\shoes\formal_shoes_010.png,formal,shoes,formal_shoes_010.png,109
../dataset/cleaned\formal\shoes\formal_shoes_011.png,formal,shoes,formal_shoes_011.png,110
../dataset/cleaned\formal\shoes\formal_shoes_012.png,formal,shoes,formal_shoes_012.png,111
../dataset/cleaned\formal\shoes\formal_shoes_013.png,formal,shoes,formal_shoes_013.png,112
../dataset/cleaned\formal\shoes\formal_shoes_014.png,formal,shoes,formal_shoes_014.png,113
../dataset/cleaned\formal\shoes\formal_shoes_015.png,formal,shoes,formal_shoes_015.png,114
../dataset/cleaned\formal\shoes\formal_shoes_016.png,formal,shoes,formal_shoes_016.png,115
../dataset/cleaned\formal\shoes\formal_shoes_017.png,formal,shoes,formal_shoes_017.png,116
../dataset/cleaned\formal\shoes\formal_shoes_018.png,formal,shoes,formal_shoes_018.png,117
../dataset/cleaned\formal\shoes\formal_shoes_019.png,formal,shoes,formal_shoes_019.png,118
../dataset/cleaned\formal\shoes\formal_shoes_020.png,formal,shoes,formal_shoes_020.png,119
../dataset/cleaned\formal\shoes\formal_shoes_021.png,formal,shoes,formal_shoes_021.png,120
../dataset/cleaned\formal\shoes\formal_shoes_022.png,formal,shoes,formal_shoes_022.png,121
../dataset/cleaned\formal\shoes\formal_shoes_023.png,formal,shoes,formal_shoes_023.png,122
../dataset/cleaned\formal\shoes\formal_shoes_024.png,formal,shoes,formal_shoes_024.png,123
../dataset/cleaned\formal\shoes\formal_shoes_025.png,formal,shoes,formal_shoes_025.png,124
../dataset/cleaned\formal\shoes\formal_shoes_026.png,formal,shoes,formal_shoes_026.png,125
../dataset/cleaned\formal\shoes\formal_shoes_027.png,formal,shoes,formal_shoes_027.png,126
../dataset/cleaned\formal\shoes\formal_shoes_028.png,formal,shoes,formal_shoes_028.png,127
../dataset/cleaned\formal\shoes\formal_shoes_029.png,formal,shoes,formal_shoes_029.png,128
../dataset/cleaned\formal\shoes\formal_shoes_030.png,formal,shoes,formal_shoes_030.png,129
../dataset/cleaned\formal\shoes\formal_shoes_031.png,formal,shoes,formal_shoes_031.png,130
../dataset/cleaned\formal\shoes\formal_shoes_032.png,formal,shoes,formal_shoes_032.png,131
../dataset/cleaned\formal\shoes\formal_shoes_033.png,formal,shoes,formal_shoes_033.png,132
../dataset/cleaned\formal\shoes\formal_shoes_034.png,formal,shoes,formal_shoes_034.png,133
../dataset/cleaned\formal\shoes\formal_shoes_035.png,formal,shoes,formal_shoes_035.png,134
../dataset/cleaned\formal\shoes\formal_shoes_036.png,formal,shoes,formal_shoes_036.png,135
../dataset/cleaned\formal\shoes\formal_shoes_037.png,formal,shoes,formal_shoes_037.png,136
../dataset/cleaned\formal\shoes\formal_shoes_038.png,formal,shoes,formal_shoes_038.png,137
../dataset/cleaned\formal\shoes\formal_shoes_039.png,formal,shoes,formal_shoes_039.png,138
../dataset/cleaned\formal\shoes\formal_shoes_040.png,formal,shoes,formal_shoes_040.png,139
../dataset/cleaned\formal\shoes\formal_shoes_041.png,formal,shoes,formal_shoes_041.png,140
../dataset/cleaned\formal\shoes\formal_shoes_042.png,formal,shoes,formal_shoes_042.png,141
../dataset/cleaned\formal\shoes\formal_shoes_043.png,formal,shoes,formal_shoes_043.png,142
../dataset/cleaned\formal\shoes\formal_shoes_044.png,formal,shoes,formal_shoes_044.png,143
../dataset/cleaned\formal\shoes\formal_shoes_045.png,formal,shoes,formal_shoes_045.png,144
../dataset/cleaned\formal\shoes\formal_shoes_046.png,formal,shoes,formal_shoes_046.png,145
../dataset/cleaned\formal\shoes\formal_shoes_047.png,formal,shoes,formal_shoes_047.png,146
../dataset/cleaned\formal\shoes\formal_shoes_048.png,formal,shoes,formal_shoes_048.png,147
../dataset/cleaned\formal\shoes\formal_shoes_049.png,formal,shoes,formal_shoes_049.png,148
../dataset/cleaned\formal\shoes\formal_shoes_050.png,formal,shoes,formal_shoes_050.png,149
../dataset/cleaned\formal\tshirt\formal_tshirt_001.png,formal,tshirt,formal_tshirt_001.png,150
../dataset/cleaned\formal\tshirt\formal_tshirt_002.png,formal,tshirt,formal_tshirt_002.png,151
../dataset/cleaned\formal\tshirt\formal_tshirt_003.png,formal,tshirt,formal_tshirt_003.png,152
../dataset/cleaned\formal\tshirt\formal_tshirt_004.png,formal,tshirt,formal_tshirt_004.png,153
../dataset/cleaned\formal\tshirt\formal_tshirt_005.png,formal,tshirt,formal_tshirt_005.png,154
../dataset/cleaned\formal\tshirt\formal_tshirt_006.png,formal,tshirt,formal_tshirt_006.png,155
../dataset/cleaned\formal\tshirt\formal_tshirt_007.png,formal,tshirt,formal_tshirt_007.png,156
../dataset/cleaned\formal\tshirt\formal_tshirt_008.png,formal,tshirt,formal_tshirt_008.png,157
../dataset/cleaned\formal\tshirt\formal_tshirt_009.png,formal,tshirt,formal_tshirt_009.png,158
../dataset/cleaned\formal\tshirt\formal_tshirt_010.png,formal,tshirt,formal_tshirt_010.png,159
../dataset/cleaned\formal\tshirt\formal_tshirt_011.png,formal,tshirt,formal_tshirt_011.png,160
../dataset/cleaned\formal\tshirt\formal_tshirt_012.png,formal,tshirt,formal_tshirt_012.png,161
../dataset/cleaned\formal\tshirt\formal_tshirt_013.png,formal,tshirt,formal_tshirt_013.png,162
../dataset/cleaned\formal\tshirt\formal_tshirt_014.png,formal,tshirt,formal_tshirt_014.png,163
../dataset/cleaned\formal\tshirt\formal_tshirt_015.png,formal,tshirt,formal_tshirt_015.png,164
../dataset/cleaned\formal\tshirt\formal_tshirt_016.png,formal,tshirt,formal_tshirt_016.png,165
../dataset/cleaned\formal\tshirt\formal_tshirt_017.png,formal,tshirt,formal_tshirt_017.png,166
../dataset/cleaned\formal\tshirt\formal_tshirt_018.png,formal,tshirt,formal_tshirt_018.png,167
../dataset/cleaned\formal\tshirt\formal_tshirt_019.png,formal,tshirt,formal_tshirt_019.png,168
../dataset/cleaned\formal\tshirt\formal_tshirt_020.png,formal,tshirt,formal_tshirt_020.png,169
../dataset/cleaned\formal\tshirt\formal_tshirt_021.png,formal,tshirt,formal_tshirt_021.png,170
../dataset/cleaned\formal\tshirt\formal_tshirt_022.png,formal,tshirt,formal_tshirt_022.png,171
../dataset/cleaned\formal\tshirt\formal_tshirt_023.png,formal,tshirt,formal_tshirt_023.png,172
../dataset/cleaned\formal\tshirt\formal_tshirt_024.png,formal,tshirt,formal_tshirt_024.png,173
../dataset/cleaned\formal\tshirt\formal_tshirt_025.png,formal,tshirt,formal_tshirt_025.png,174
../dataset/cleaned\formal\tshirt\formal_tshirt_026.png,formal,tshirt,formal_tshirt_026.png,175
../dataset/cleaned\formal\tshirt\formal_tshirt_027.png,formal,tshirt,formal_tshirt_027.png,176
../dataset/cleaned\formal\tshirt\formal_tshirt_028.png,formal,tshirt,formal_tshirt_028.png,177
../dataset/cleaned\formal\tshirt\formal_tshirt_029.png,formal,tshirt,formal_tshirt_029.png,178
../dataset/cleaned\formal\tshirt\formal_tshirt_030.png,formal,tshirt,formal_tshirt_030.png,179
../dataset/cleaned\formal\tshirt\formal_tshirt_031.png,formal,tshirt,formal_tshirt_031.png,180
../dataset/cleaned\formal\tshirt\formal_tshirt_032.png,formal,tshirt,formal_tshirt_032.png,181
../dataset/cleaned\formal\tshirt\formal_tshirt_033.png,formal,tshirt,formal_tshirt_033.png,182
../dataset/cleaned\formal\tshirt\formal_tshirt_034.png,formal,tshirt,formal_tshirt_034.png,183
../dataset/cleaned\formal\tshirt\formal_tshirt_035.png,formal,tshirt,formal_tshirt_035.png,184
../dataset/cleaned\formal\tshirt\formal_tshirt_036.png,formal,tshirt,formal_tshirt_036.png,185
../dataset/cleaned\formal\tshirt\formal_tshirt_037.png,formal,tshirt,formal_tshirt_037.png,186
../dataset/cleaned\formal\tshirt\formal_tshirt_038.png,formal,tshirt,formal_tshirt_038.png,187
../dataset/cleaned\formal\tshirt\formal_tshirt_039.png,formal,tshirt,formal_tshirt_039.png,188
../dataset/cleaned\formal\tshirt\formal_tshirt_040.png,formal,tshirt,formal_tshirt_040.png,189
../dataset/cleaned\formal\tshirt\formal_tshirt_041.png,formal,tshirt,formal_tshirt_041.png,190
../dataset/cleaned\formal\tshirt\formal_tshirt_042.png,formal,tshirt,formal_tshirt_042.png,191
../dataset/cleaned\formal\tshirt\formal_tshirt_043.png,formal,tshirt,formal_tshirt_043.png,192
../dataset/cleaned\formal\tshirt\formal_tshirt_044.png,formal,tshirt,formal_tshirt_044.png,193
../dataset/cleaned\formal\tshirt\formal_tshirt_045.png,formal,tshirt,formal_tshirt_045.png,194
../dataset/cleaned\formal\tshirt\formal_tshirt_046.png,formal,tshirt,formal_tshirt_046.png,195
../dataset/cleaned\formal\tshirt\formal_tshirt_047.png,formal,tshirt,formal_tshirt_047.png,196
../dataset/cleaned\formal\tshirt\formal_tshirt_048.png,formal,tshirt,formal_tshirt_048.png,197
../dataset/cleaned\formal\tshirt\formal_tshirt_049.png,formal,tshirt,formal_tshirt_049.png,198
../dataset/cleaned\formal\tshirt\formal_tshirt_050.png,formal,tshirt,formal_tshirt_050.png,199
../dataset/cleaned\gothic\jacket\gothic_jacket_001.png,gothic,jacket,gothic_jacket_001.png,200
../dataset/cleaned\gothic\jacket\gothic_jacket_002.png,gothic,jacket,gothic_jacket_002.png,201
../dataset/cleaned\gothic\jacket\gothic_jacket_003.png,gothic,jacket,gothic_jacket_003.png,202
../dataset/cleaned\gothic\jacket\gothic_jacket_004.png,gothic,jacket,gothic_jacket_004.png,203
../dataset/cleaned\gothic\jacket\gothic_jacket_005.png,gothic,jacket,gothic_jacket_005.png,204
../dataset/cleaned\gothic\jacket\gothic_jacket_006.png,gothic,jacket,gothic_jacket_006.png,205
../dataset/cleaned\gothic\jacket\gothic_jacket_007.png,gothic,jacket,gothic_jacket_007.png,206
../dataset/cleaned\gothic\jacket\gothic_jacket_008.png,gothic,jacket,gothic_jacket_008.png,207
../dataset/cleaned\gothic\jacket\gothic_jacket_009.png,gothic,jacket,gothic_jacket_009.png,208
../dataset/cleaned\gothic\jacket\gothic_jacket_010.png,gothic,jacket,gothic_jacket_010.png,209
../dataset/cleaned\gothic\jacket\gothic_jacket_011.png,gothic,jacket,gothic_jacket_011.png,210
../dataset/cleaned\gothic\jacket\gothic_jacket_012.png,gothic,jacket,gothic_jacket_012.png,211
../dataset/cleaned\gothic\jacket\gothic_jacket_013.png,gothic,jacket,gothic_jacket_013.png,212
../dataset/cleaned\gothic\jacket\gothic_jacket_014.png,gothic,jacket,gothic_jacket_014.png,213
../dataset/cleaned\gothic\jacket\gothic_jacket_015.png,gothic,jacket,gothic_jacket_015.png,214
../dataset/cleaned\gothic\jacket\gothic_jacket_016.png,gothic,jacket,gothic_jacket_016.png,215
../dataset/cleaned\gothic\jacket\gothic_jacket_017.png,gothic,jacket,gothic_jacket_017.png,216
../dataset/cleaned\gothic\jacket\gothic_jacket_018.png,gothic,jacket,gothic_jacket_018.png,217
../dataset/cleaned\gothic\jacket\gothic_jacket_019.png,gothic,jacket,gothic_jacket_019.png,218
../dataset/cleaned\gothic\jacket\gothic_jacket_020.png,gothic,jacket,gothic_jacket_020.png,219
../dataset/cleaned\gothic\jacket\gothic_jacket_021.png,gothic,jacket,gothic_jacket_021.png,220
../dataset/cleaned\gothic\jacket\gothic_jacket_022.png,gothic,jacket,gothic_jacket_022.png,221
../dataset/cleaned\gothic\jacket\gothic_jacket_023.png,gothic,jacket,gothic_jacket_023.png,222
../dataset/cleaned\gothic\jacket\gothic_jacket_024.png,gothic,jacket,gothic_jacket_024.png,223
../dataset/cleaned\gothic\jacket\gothic_jacket_025.png,gothic,jacket,gothic_jacket_025.png,224
../dataset/cleaned\gothic\jacket\gothic_jacket_026.png,gothic,jacket,gothic_jacket_026.png,225
../dataset/cleaned\gothic\jacket\gothic_jacket_027.png,gothic,jacket,gothic_jacket_027.png,226
../dataset/cleaned\gothic\jacket\gothic_jacket_028.png,gothic,jacket,gothic_jacket_028.png,227
../dataset/cleaned\gothic\jacket\gothic_jacket_029.png,gothic,jacket,gothic_jacket_029.png,228
../dataset/cleaned\gothic\jacket\gothic_jacket_030.png,gothic,jacket,gothic_jacket_030.png,229
../dataset/cleaned\gothic\jacket\gothic_jacket_031.png,gothic,jacket,gothic_jacket_031.png,230
../dataset/cleaned\gothic\jacket\gothic_jacket_032.png,gothic,jacket,gothic_jacket_032.png,231
../dataset/cleaned\gothic\jacket\gothic_jacket_033.png,gothic,jacket,gothic_jacket_033.png,232
../dataset/cleaned\gothic\jacket\gothic_jacket_034.png,gothic,jacket,gothic_jacket_034.png,233
../dataset/cleaned\gothic\jacket\gothic_jacket_035.png,gothic,jacket,gothic_jacket_035.png,234
../dataset/cleaned\gothic\jacket\gothic_jacket_036.png,gothic,jacket,gothic_jacket_036.png,235
../dataset/cleaned\gothic\jacket\gothic_jacket_037.png,gothic,jacket,gothic_jacket_037.png,236
../dataset/cleaned\gothic\jacket\gothic_jacket_038.png,gothic,jacket,gothic_jacket_038.png,237
../dataset/cleaned\gothic\jacket\gothic_jacket_039.png,gothic,jacket,gothic_jacket_039.png,238
../dataset/cleaned\gothic\jacket\gothic_jacket_040.png,gothic,jacket,gothic_jacket_040.png,239
../dataset/cleaned\gothic\jacket\gothic_jacket_041.png,gothic,jacket,gothic_jacket_041.png,240
../dataset/cleaned\gothic\jacket\gothic_jacket_042.png,gothic,jacket,gothic_jacket_042.png,241
../dataset/cleaned\gothic\jacket\gothic_jacket_043.png,gothic,jacket,gothic_jacket_043.png,242
../dataset/cleaned\gothic\jacket\gothic_jacket_044.png,gothic,jacket,gothic_jacket_044.png,243
../dataset/cleaned\gothic\jacket\gothic_jacket_045.png,gothic,jacket,gothic_jacket_045.png,244
../dataset/cleaned\gothic\jacket\gothic_jacket_046.png,gothic,jacket,gothic_jacket_046.png,245
../dataset/cleaned\gothic\jacket\gothic_jacket_047.png,gothic,jacket,gothic_jacket_047.png,246
../dataset/cleaned\gothic\jacket\gothic_jacket_048.png,gothic,jacket,gothic_jacket_048.png,247
../dataset/cleaned\gothic\jacket\gothic_jacket_049.png,gothic,jacket,gothic_jacket_049.png,248
../dataset/cleaned\gothic\jacket\gothic_jacket_050.png,gothic,jacket,gothic_jacket_050.png,249
../dataset/cleaned\gothic\pants\gothic_pants_001.png,gothic,pants,gothic_pants_001.png,250
../dataset/cleaned\gothic\pants\gothic_pants_002.png,gothic,pants,gothic_pants_002.png,251
../dataset/cleaned\gothic\pants\gothic_pants_003.png,gothic,pants,gothic_pants_003.png,252
../dataset/cleaned\gothic\pants\gothic_pants_004.png,gothic,pants,gothic_pants_004.png,253
../dataset/cleaned\gothic\pants\gothic_pants_005.png,gothic,pants,gothic_pants_005.png,254
../dataset/cleaned\gothic\pants\gothic_pants_006.png,gothic,pants,gothic_pants_006.png,255
../dataset/cleaned\gothic\pants\gothic_pants_007.png,gothic,pants,gothic_pants_007.png,256
../dataset/cleaned\gothic\pants\gothic_pants_008.png,gothic,pants,gothic_pants_008.png,257
../dataset/cleaned\gothic\pants\gothic_pants_009.png,gothic,pants,gothic_pants_009.png,258
../dataset/cleaned\gothic\pants\gothic_pants_010.png,gothic,pants,gothic_pants_010.png,259
../dataset/cleaned\gothic\pants\gothic_pants_011.png,gothic,pants,gothic_pants_011.png,260
../dataset/cleaned\gothic\pants\gothic_pants_012.png,gothic,pants,gothic_pants_012.png,261
../dataset/cleaned\gothic\pants\gothic_pants_013.png,gothic,pants,gothic_pants_013.png,262
../dataset/cleaned\gothic\pants\gothic_pants_014.png,gothic,pants,gothic_pants_014.png,263
../dataset/cleaned\gothic\pants\gothic_pants_015.png,gothic,pants,gothic_pants_015.png,264
../dataset/cleaned\gothic\pants\gothic_pants_016.png,gothic,pants,gothic_pants_016.png,265
../dataset/cleaned\gothic\pants\gothic_pants_017.png,gothic,pants,gothic_pants_017.png,266
../dataset/cleaned\gothic\pants\gothic_pants_018.png,gothic,pants,gothic_pants_018.png,267
../dataset/cleaned\gothic\pants\gothic_pants_019.png,gothic,pants,gothic_pants_019.png,268
../dataset/cleaned\gothic\pants\gothic_pants_020.png,gothic,pants,gothic_pants_020.png,269
../dataset/cleaned\gothic\pants\gothic_pants_021.png,gothic,pants,gothic_pants_021.png,270
../dataset/cleaned\gothic\pants\gothic_pants_022.png,gothic,pants,gothic_pants_022.png,271
../dataset/cleaned\gothic\pants\gothic_pants_023.png,gothic,pants,gothic_pants_023.png,272
../dataset/cleaned\gothic\pants\gothic_pants_024.png,gothic,pants,gothic_pants_024.png,273
../dataset/cleaned\gothic\pants\gothic_pants_025.png,gothic,pants,gothic_pants_025.png,274
../dataset/cleaned\gothic\pants\gothic_pants_026.png,gothic,pants,gothic_pants_026.png,275
../dataset/cleaned\gothic\pants\gothic_pants_027.png,gothic,pants,gothic_pants_027.png,276
../dataset/cleaned\gothic\pants\gothic_pants_028.png,gothic,pants,gothic_pants_028.png,277
../dataset/cleaned\gothic\pants\gothic_pants_029.png,gothic,pants,gothic_pants_029.png,278
../dataset/cleaned\gothic\pants\gothic_pants_030.png,gothic,pants,gothic_pants_030.png,279
../dataset/cleaned\gothic\pants\gothic_pants_031.png,gothic,pants,gothic_pants_031.png,280
../dataset/cleaned\gothic\pants\gothic_pants_032.png,gothic,pants,gothic_pants_032.png,281
../dataset/cleaned\gothic\pants\gothic_pants_033.png,gothic,pants,gothic_pants_033.png,282
../dataset/cleaned\gothic\pants\gothic_pants_034.png,gothic,pants,gothic_pants_034.png,283
../dataset/cleaned\gothic\pants\gothic_pants_035.png,gothic,pants,gothic_pants_035.png,284
../dataset/cleaned\gothic\pants\gothic_pants_036.png,gothic,pants,gothic_pants_036.png,285
../dataset/cleaned\gothic\pants\gothic_pants_037.png,gothic,pants,gothic_pants_037.png,286
../dataset/cleaned\gothic\pants\gothic_pants_038.png,gothic,pants,gothic_pants_038.png,287
../dataset/cleaned\gothic\pants\gothic_pants_039.png,gothic,pants,gothic_pants_039.png,288
../dataset/cleaned\gothic\pants\gothic_pants_040.png,gothic,pants,gothic_pants_040.png,289
../dataset/cleaned\gothic\pants\gothic_pants_041.png,gothic,pants,gothic_pants_041.png,290
../dataset/cleaned\gothic\pants\gothic_pants_042.png,gothic,pants,gothic_pants_042.png,291
../dataset/cleaned\gothic\pants\gothic_pants_043.png,gothic,pants,gothic_pants_043.png,292
../dataset/cleaned\gothic\pants\gothic_pants_044.png,gothic,pants,gothic_pants_044.png,293
../dataset/cleaned\gothic\pants\gothic_pants_045.png,gothic,pants,gothic_pants_045.png,294
../dataset/cleaned\gothic\pants\gothic_pants_046.png,gothic,pants,gothic_pants_046.png,295
../dataset/cleaned\gothic\pants\gothic_pants_047.png,gothic,pants,gothic_pants_047.png,296
../dataset/cleaned\gothic\pants\gothic_pants_048.png,gothic,pants,gothic_pants_048.png,297
../dataset/cleaned\gothic\pants\gothic_pants_049.png,gothic,pants,gothic_pants_049.png,298
../dataset/cleaned\gothic\pants\gothic_pants_050.png,gothic,pants,gothic_pants_050.png,299
../dataset/cleaned\gothic\shoes\gothic_shoes_001.png,gothic,shoes,gothic_shoes_001.png,300
../dataset/cleaned\gothic\shoes\gothic_shoes_002.png,gothic,shoes,gothic_shoes_002.png,301
../dataset/cleaned\gothic\shoes\gothic_shoes_003.png,gothic,shoes,gothic_shoes_003.png,302
../dataset/cleaned\gothic\shoes\gothic_shoes_004.png,gothic,shoes,gothic_shoes_004.png,303
../dataset/cleaned\gothic\shoes\gothic_shoes_005.png,gothic,shoes,gothic_shoes_005.png,304
../dataset/cleaned\gothic\shoes\gothic_shoes_006.png,gothic,shoes,gothic_shoes_006.png,305
../dataset/cleaned\gothic\shoes\gothic_shoes_007.png,gothic,shoes,gothic_shoes_007.png,306
../dataset/cleaned\gothic\shoes\gothic_shoes_008.png,gothic,shoes,gothic_shoes_008.png,307
../dataset/cleaned\gothic\shoes\gothic_shoes_009.png,gothic,shoes,gothic_shoes_009.png,308
../dataset/cleaned\gothic\shoes\gothic_shoes_010.png,gothic,shoes,gothic_shoes_010.png,309
../dataset/cleaned\gothic\shoes\gothic_shoes_011.png,gothic,shoes,gothic_shoes_011.png,310
../dataset/cleaned\gothic\shoes\gothic_shoes_012.png,gothic,shoes,gothic_shoes_012.png,311
../dataset/cleaned\gothic\shoes\gothic_shoes_013.png,gothic,shoes,gothic_shoes_013.png,312
../dataset/cleaned\gothic\shoes\gothic_shoes_014.png,gothic,shoes,gothic_shoes_014.png,313
../dataset/cleaned\gothic\shoes\gothic_shoes_015.png,gothic,shoes,gothic_shoes_015.png,314
../dataset/cleaned\gothic\shoes\gothic_shoes_016.png,gothic,shoes,gothic_shoes_016.png,315
../dataset/cleaned\gothic\shoes\gothic_shoes_017.png,gothic,shoes,gothic_shoes_017.png,316
../dataset/cleaned\gothic\shoes\gothic_shoes_018.png,gothic,shoes,gothic_shoes_018.png,317
../dataset/cleaned\gothic\shoes\gothic_shoes_019.png,gothic,shoes,gothic_shoes_019.png,318
../dataset/cleaned\gothic\shoes\gothic_shoes_020.png,gothic,shoes,gothic_shoes_020.png,319
../dataset/cleaned\gothic\shoes\gothic_shoes_021.png,gothic,shoes,gothic_shoes_021.png,320
../dataset/cleaned\gothic\shoes\gothic_shoes_022.png,gothic,shoes,gothic_shoes_022.png,321
../dataset/cleaned\gothic\shoes\gothic_shoes_023.png,gothic,shoes,gothic_shoes_023.png,322
../dataset/cleaned\gothic\shoes\gothic_shoes_024.png,gothic,shoes,gothic_shoes_024.png,323
../dataset/cleaned\gothic\shoes\gothic_shoes_025.png,gothic,shoes,gothic_shoes_025.png,324
../dataset/cleaned\gothic\shoes\gothic_shoes_026.png,gothic,shoes,gothic_shoes_026.png,325
../dataset/cleaned\gothic\shoes\gothic_shoes_027.png,gothic,shoes,gothic_shoes_027.png,326
../dataset/cleaned\gothic\shoes\gothic_shoes_028.png,gothic,shoes,gothic_shoes_028.png,327
../dataset/cleaned\gothic\shoes\gothic_shoes_029.png,gothic,shoes,gothic_shoes_029.png,328
../dataset/cleaned\gothic\shoes\gothic_shoes_030.png,gothic,shoes,gothic_shoes_030.png,329
../dataset/cleaned\gothic\shoes\gothic_shoes_031.png,gothic,shoes,gothic_shoes_031.png,330
../dataset/cleaned\gothic\shoes\gothic_shoes_032.png,gothic,shoes,gothic_shoes_032.png,331
../dataset/cleaned\gothic\shoes\gothic_shoes_033.png,gothic,shoes,gothic_shoes_033.png,332
../dataset/cleaned\gothic\shoes\gothic_shoes_034.png,gothic,shoes,gothic_shoes_034.png,333
../dataset/cleaned\gothic\shoes\gothic_shoes_035.png,gothic,shoes,gothic_shoes_035.png,334
../dataset/cleaned\gothic\shoes\gothic_shoes_036.png,gothic,shoes,gothic_shoes_036.png,335
../dataset/cleaned\gothic\shoes\gothic_shoes_037.png,gothic,shoes,gothic_shoes_037.png,336
../dataset/cleaned\gothic\shoes\gothic_shoes_038.png,gothic,shoes,gothic_shoes_038.png,337
../dataset/cleaned\gothic\shoes\gothic_shoes_039.png,gothic,shoes,gothic_shoes_039.png,338
../dataset/cleaned\gothic\shoes\gothic_shoes_040.png,gothic,shoes,gothic_shoes_040.png,339
../dataset/cleaned\gothic\shoes\gothic_shoes_041.png,gothic,shoes,gothic_shoes_041.png,340
../dataset/cleaned\gothic\shoes\gothic_shoes_042.png,gothic,shoes,gothic_shoes_042.png,341
../dataset/cleaned\gothic\shoes\gothic_shoes_043.png,gothic,shoes,gothic_shoes_043.png,342
../dataset/cleaned\gothic\shoes\gothic_shoes_044.png,gothic,shoes,gothic_shoes_044.png,343
../dataset/cleaned\gothic\shoes\gothic_shoes_045.png,gothic,shoes,gothic_shoes_045.png,344
../dataset/cleaned\gothic\shoes\gothic_shoes_046.png,gothic,shoes,gothic_shoes_046.png,345
../dataset/cleaned\gothic\shoes\gothic_shoes_047.png,gothic,shoes,gothic_shoes_047.png,346
../dataset/cleaned\gothic\shoes\gothic_shoes_048.png,gothic,shoes,gothic_shoes_048.png,347
../dataset/cleaned\gothic\shoes\gothic_shoes_049.png,gothic,shoes,gothic_shoes_049.png,348
../dataset/cleaned\gothic\shoes\gothic_shoes_050.png,gothic,shoes,gothic_shoes_050.png,349
../dataset/cleaned\gothic\tshirt\gothic_tshirt_001.png,gothic,tshirt,gothic_tshirt_001.png,350
../dataset/cleaned\gothic\tshirt\gothic_tshirt_002.png,gothic,tshirt,gothic_tshirt_002.png,351
../dataset/cleaned\gothic\tshirt\gothic_tshirt_003.png,gothic,tshirt,gothic_tshirt_003.png,352
../dataset/cleaned\gothic\tshirt\gothic_tshirt_004.png,gothic,tshirt,gothic_tshirt_004.png,353
../dataset/cleaned\gothic\tshirt\gothic_tshirt_005.png,gothic,tshirt,gothic_tshirt_005.png,354
../dataset/cleaned\gothic\tshirt\gothic_tshirt_006.png,gothic,tshirt,gothic_tshirt_006.png,355
../dataset/cleaned\gothic\tshirt\gothic_tshirt_007.png,gothic,tshirt,gothic_tshirt_007.png,356
../dataset/cleaned\gothic\tshirt\gothic_tshirt_008.png,gothic,tshirt,gothic_tshirt_008.png,357
../dataset/cleaned\gothic\tshirt\gothic_tshirt_009.png,gothic,tshirt,gothic_tshirt_009.png,358
../dataset/cleaned\gothic\tshirt\gothic_tshirt_010.png,gothic,tshirt,gothic_tshirt_010.png,359
../dataset/cleaned\gothic\tshirt\gothic_tshirt_011.png,gothic,tshirt,gothic_tshirt_011.png,360
../dataset/cleaned\gothic\tshirt\gothic_tshirt_012.png,gothic,tshirt,gothic_tshirt_012.png,361
../dataset/cleaned\gothic\tshirt\gothic_tshirt_013.png,gothic,tshirt,gothic_tshirt_013.png,362
../dataset/cleaned\gothic\tshirt\gothic_tshirt_014.png,gothic,tshirt,gothic_tshirt_014.png,363
../dataset/cleaned\gothic\tshirt\gothic_tshirt_015.png,gothic,tshirt,gothic_tshirt_015.png,364
../dataset/cleaned\gothic\tshirt\gothic_tshirt_016.png,gothic,tshirt,gothic_tshirt_016.png,365
../dataset/cleaned\gothic\tshirt\gothic_tshirt_017.png,gothic,tshirt,gothic_tshirt_017.png,366
../dataset/cleaned\gothic\tshirt\gothic_tshirt_018.png,gothic,tshirt,gothic_tshirt_018.png,367
../dataset/cleaned\gothic\tshirt\gothic_tshirt_019.png,gothic,tshirt,gothic_tshirt_019.png,368
../dataset/cleaned\gothic\tshirt\gothic_tshirt_020.png,gothic,tshirt,gothic_tshirt_020.png,369
../dataset/cleaned\gothic\tshirt\gothic_tshirt_021.png,gothic,tshirt,gothic_tshirt_021.png,370
../dataset/cleaned\gothic\tshirt\gothic_tshirt_022.png,gothic,tshirt,gothic_tshirt_022.png,371
../dataset/cleaned\gothic\tshirt\gothic_tshirt_023.png,gothic,tshirt,gothic_tshirt_023.png,372
../dataset/cleaned\gothic\tshirt\gothic_tshirt_024.png,gothic,tshirt,gothic_tshirt_024.png,373
../dataset/cleaned\gothic\tshirt\gothic_tshirt_025.png,gothic,tshirt,gothic_tshirt_025.png,374
../dataset/cleaned\gothic\tshirt\gothic_tshirt_026.png,gothic,tshirt,gothic_tshirt_026.png,375
../dataset/cleaned\gothic\tshirt\gothic_tshirt_027.png,gothic,tshirt,gothic_tshirt_027.png,376
../dataset/cleaned\gothic\tshirt\gothic_tshirt_028.png,gothic,tshirt,gothic_tshirt_028.png,377
../dataset/cleaned\gothic\tshirt\gothic_tshirt_029.png,gothic,tshirt,gothic_tshirt_029.png,378
../dataset/cleaned\gothic\tshirt\gothic_tshirt_030.png,gothic,tshirt,gothic_tshirt_030.png,379
../dataset/cleaned\gothic\tshirt\gothic_tshirt_031.png,gothic,tshirt,gothic_tshirt_031.png,380
../dataset/cleaned\gothic\tshirt\gothic_tshirt_032.png,gothic,tshirt,gothic_tshirt_032.png,381
../dataset/cleaned\gothic\tshirt\gothic_tshirt_033.png,gothic,tshirt,gothic_tshirt_033.png,382
../dataset/cleaned\gothic\tshirt\gothic_tshirt_034.png,gothic,tshirt,gothic_tshirt_034.png,383
../dataset/cleaned\gothic\tshirt\gothic_tshirt_035.png,gothic,tshirt,gothic_tshirt_035.png,384
../dataset/cleaned\gothic\tshirt\gothic_tshirt_036.png,gothic,tshirt,gothic_tshirt_036.png,385
../dataset/cleaned\gothic\tshirt\gothic_tshirt_037.png,gothic,tshirt,gothic_tshirt_037.png,386
../dataset/cleaned\gothic\tshirt\gothic_tshirt_038.png,gothic,tshirt,gothic_tshirt_038.png,387
../dataset/cleaned\gothic\tshirt\gothic_tshirt_039.png,gothic,tshirt,gothic_tshirt_039.png,388
../dataset/cleaned\gothic\tshirt\gothic_tshirt_040.png,gothic,tshirt,gothic_tshirt_040.png,389
../dataset/cleaned\gothic\tshirt\gothic_tshirt_041.png,gothic,tshirt,gothic_tshirt_041.png,390
../dataset/cleaned\gothic\tshirt\gothic_tshirt_042.png,gothic,tshirt,gothic_tshirt_042.png,391
../dataset/cleaned\gothic\tshirt\gothic_tshirt_043.png,gothic,tshirt,gothic_tshirt_043.png,392
../dataset/cleaned\gothic\tshirt\gothic_tshirt_044.png,gothic,tshirt,gothic_tshirt_044.png,393
../dataset/cleaned\gothic\tshirt\gothic_tshirt_045.png,gothic,tshirt,gothic_tshirt_045.png,394
../dataset/cleaned\gothic\tshirt\gothic_tshirt_046.png,gothic,tshirt,gothic_tshirt_046.png,395
../dataset/cleaned\gothic\tshirt\gothic_tshirt_047.png,gothic,tshirt,gothic_tshirt_047.png,396
../dataset/cleaned\gothic\tshirt\gothic_tshirt_048.png,gothic,tshirt,gothic_tshirt_048.png,397
../dataset/cleaned\gothic\tshirt\gothic_tshirt_049.png,gothic,tshirt,gothic_tshirt_049.png,398
../dataset/cleaned\gothic\tshirt\gothic_tshirt_050.png,gothic,tshirt,gothic_tshirt_050.png,399
../dataset/cleaned\sporty\jacket\sporty_jacket_001.png,sporty,jacket,sporty_jacket_001.png,400
../dataset/cleaned\sporty\jacket\sporty_jacket_002.png,sporty,jacket,sporty_jacket_002.png,401
../dataset/cleaned\sporty\jacket\sporty_jacket_003.png,sporty,jacket,sporty_jacket_003.png,402
../dataset/cleaned\sporty\jacket\sporty_jacket_004.png,sporty,jacket,sporty_jacket_004.png,403
../dataset/cleaned\sporty\jacket\sporty_jacket_005.png,sporty,jacket,sporty_jacket_005.png,404
../dataset/cleaned\sporty\jacket\sporty_jacket_006.png,sporty,jacket,sporty_jacket_006.png,405
../dataset/cleaned\sporty\jacket\sporty_jacket_007.png,sporty,jacket,sporty_jacket_007.png,406
../dataset/cleaned\sporty\jacket\sporty_jacket_008.png,sporty,jacket,sporty_jacket_008.png,407
../dataset/cleaned\sporty\jacket\sporty_jacket_009.png,sporty,jacket,sporty_jacket_009.png,408
../dataset/cleaned\sporty\jacket\sporty_jacket_010.png,sporty,jacket,sporty_jacket_010.png,409
../dataset/cleaned\sporty\jacket\sporty_jacket_011.png,sporty,jacket,sporty_jacket_011.png,410
../dataset/cleaned\sporty\jacket\sporty_jacket_012.png,sporty,jacket,sporty_jacket_012.png,411
../dataset/cleaned\sporty\jacket\sporty_jacket_013.png,sporty,jacket,sporty_jacket_013.png,412
../dataset/cleaned\sporty\jacket\sporty_jacket_014.png,sporty,jacket,sporty_jacket_014.png,413
../dataset/cleaned\sporty\jacket\sporty_jacket_015.png,sporty,jacket,sporty_jacket_015.png,414
../dataset/cleaned\sporty\jacket\sporty_jacket_016.png,sporty,jacket,sporty_jacket_016.png,415
../dataset/cleaned\sporty\jacket\sporty_jacket_017.png,sporty,jacket,sporty_jacket_017.png,416
../dataset/cleaned\sporty\jacket\sporty_jacket_018.png,sporty,jacket,sporty_jacket_018.png,417
../dataset/cleaned\sporty\jacket\sporty_jacket_019.png,sporty,jacket,sporty_jacket_019.png,418
../dataset/cleaned\sporty\jacket\sporty_jacket_020.png,sporty,jacket,sporty_jacket_020.png,419
../dataset/cleaned\sporty\jacket\sporty_jacket_021.png,sporty,jacket,sporty_jacket_021.png,420
../dataset/cleaned\sporty\jacket\sporty_jacket_022.png,sporty,jacket,sporty_jacket_022.png,421
../dataset/cleaned\sporty\jacket\sporty_jacket_023.png,sporty,jacket,sporty_jacket_023.png,422
../dataset/cleaned\sporty\jacket\sporty_jacket_024.png,sporty,jacket,sporty_jacket_024.png,423
../dataset/cleaned\sporty\jacket\sporty_jacket_025.png,sporty,jacket,sporty_jacket_025.png,424
../dataset/cleaned\sporty\jacket\sporty_jacket_026.png,sporty,jacket,sporty_jacket_026.png,425
../dataset/cleaned\sporty\jacket\sporty_jacket_027.png,sporty,jacket,sporty_jacket_027.png,426
../dataset/cleaned\sporty\jacket\sporty_jacket_028.png,sporty,jacket,sporty_jacket_028.png,427
../dataset/cleaned\sporty\jacket\sporty_jacket_029.png,sporty,jacket,sporty_jacket_029.png,428
../dataset/cleaned\sporty\jacket\sporty_jacket_030.png,sporty,jacket,sporty_jacket_030.png,429
../dataset/cleaned\sporty\jacket\sporty_jacket_031.png,sporty,jacket,sporty_jacket_031.png,430
../dataset/cleaned\sporty\jacket\sporty_jacket_032.png,sporty,jacket,sporty_jacket_032.png,431
../dataset/cleaned\sporty\jacket\sporty_jacket_033.png,sporty,jacket,sporty_jacket_033.png,432
../dataset/cleaned\sporty\jacket\sporty_jacket_034.png,sporty,jacket,sporty_jacket_034.png,433
../dataset/cleaned\sporty\jacket\sporty_jacket_035.png,sporty,jacket,sporty_jacket_035.png,434
../dataset/cleaned\sporty\jacket\sporty_jacket_036.png,sporty,jacket,sporty_jacket_036.png,435
../dataset/cleaned\sporty\jacket\sporty_jacket_037.png,sporty,jacket,sporty_jacket_037.png,436
../dataset/cleaned\sporty\jacket\sporty_jacket_038.png,sporty,jacket,sporty_jacket_038.png,437
../dataset/cleaned\sporty\jacket\sporty_jacket_039.png,sporty,jacket,sporty_jacket_039.png,438
../dataset/cleaned\sporty\jacket\sporty_jacket_040.png,sporty,jacket,sporty_jacket_040.png,439
../dataset/cleaned\sporty\jacket\sporty_jacket_041.png,sporty,jacket,sporty_jacket_041.png,440
../dataset/cleaned\sporty\jacket\sporty_jacket_042.png,sporty,jacket,sporty_jacket_042.png,441
../dataset/cleaned\sporty\jacket\sporty_jacket_043.png,sporty,jacket,sporty_jacket_043.png,442
../dataset/cleaned\sporty\jacket\sporty_jacket_044.png,sporty,jacket,sporty_jacket_044.png,443
../dataset/cleaned\sporty\jacket\sporty_jacket_045.png,sporty,jacket,sporty_jacket_045.png,444
../dataset/cleaned\sporty\jacket\sporty_jacket_046.png,sporty,jacket,sporty_jacket_046.png,445
../dataset/cleaned\sporty\jacket\sporty_jacket_047.png,sporty,jacket,sporty_jacket_047.png,446
../dataset/cleaned\sporty\jacket\sporty_jacket_048.png,sporty,jacket,sporty_jacket_048.png,447
../dataset/cleaned\sporty\jacket\sporty_jacket_049.png,sporty,jacket,sporty_jacket_049.png,448
../dataset/cleaned\sporty\jacket\sporty_jacket_050.png,sporty,jacket,sporty_jacket_050.png,449
../dataset/cleaned\sporty\pants\sporty_pants_001.png,sporty,pants,sporty_pants_001.png,450
../dataset/cleaned\sporty\pants\sporty_pants_002.png,sporty,pants,sporty_pants_002.png,451
../dataset/cleaned\sporty\pants\sporty_pants_003.png,sporty,pants,sporty_pants_003.png,452
../dataset/cleaned\sporty\pants\sporty_pants_004.png,sporty,pants,sporty_pants_004.png,453
../dataset/cleaned\sporty\pants\sporty_pants_005.png,sporty,pants,sporty_pants_005.png,454
../dataset/cleaned\sporty\pants\sporty_pants_006.png,sporty,pants,sporty_pants_006.png,455
../dataset/cleaned\sporty\pants\sporty_pants_007.png,sporty,pants,sporty_pants_007.png,456
../dataset/cleaned\sporty\pants\sporty_pants_008.png,sporty,pants,sporty_pants_008.png,457
../dataset/cleaned\sporty\pants\sporty_pants_009.png,sporty,pants,sporty_pants_009.png,458
../dataset/cleaned\sporty\pants\sporty_pants_010.png,sporty,pants,sporty_pants_010.png,459
../dataset/cleaned\sporty\pants\sporty_pants_011.png,sporty,pants,sporty_pants_011.png,460
../dataset/cleaned\sporty\pants\sporty_pants_012.png,sporty,pants,sporty_pants_012.png,461
../dataset/cleaned\sporty\pants\sporty_pants_013.png,sporty,pants,sporty_pants_013.png,462
../dataset/cleaned\sporty\pants\sporty_pants_014.png,sporty,pants,sporty_pants_014.png,463
../dataset/cleaned\sporty\pants\sporty_pants_015.png,sporty,pants,sporty_pants_015.png,464
../dataset/cleaned\sporty\pants\sporty_pants_016.png,sporty,pants,sporty_pants_016.png,465
../dataset/cleaned\sporty\pants\sporty_pants_017.png,sporty,pants,sporty_pants_017.png,466
../dataset/cleaned\sporty\pants\sporty_pants_018.png,sporty,pants,sporty_pants_018.png,467
../dataset/cleaned\sporty\pants\sporty_pants_019.png,sporty,pants,sporty_pants_019.png,468
../dataset/cleaned\sporty\pants\sporty_pants_020.png,sporty,pants,sporty_pants_020.png,469
../dataset/cleaned\sporty\pants\sporty_pants_021.png,sporty,pants,sporty_pants_021.png,470
../dataset/cleaned\sporty\pants\sporty_pants_022.png,sporty,pants,sporty_pants_022.png,471
../dataset/cleaned\sporty\pants\sporty_pants_023.png,sporty,pants,sporty_pants_023.png,472
../dataset/cleaned\sporty\pants\sporty_pants_024.png,sporty,pants,sporty_pants_024.png,473
../dataset/cleaned\sporty\pants\sporty_pants_025.png,sporty,pants,sporty_pants_025.png,474
../dataset/cleaned\sporty\pants\sporty_pants_026.png,sporty,pants,sporty_pants_026.png,475
../dataset/cleaned\sporty\pants\sporty_pants_027.png,sporty,pants,sporty_pants_027.png,476
../dataset/cleaned\sporty\pants\sporty_pants_028.png,sporty,pants,sporty_pants_028.png,477
../dataset/cleaned\sporty\pants\sporty_pants_029.png,sporty,pants,sporty_pants_029.png,478
../dataset/cleaned\sporty\pants\sporty_pants_030.png,sporty,pants,sporty_pants_030.png,479
../dataset/cleaned\sporty\pants\sporty_pants_031.png,sporty,pants,sporty_pants_031.png,480
../dataset/cleaned\sporty\pants\sporty_pants_032.png,sporty,pants,sporty_pants_032.png,481
../dataset/cleaned\sporty\pants\sporty_pants_033.png,sporty,pants,sporty_pants_033.png,482
../dataset/cleaned\sporty\pants\sporty_pants_034.png,sporty,pants,sporty_pants_034.png,483
../dataset/cleaned\sporty\pants\sporty_pants_035.png,sporty,pants,sporty_pants_035.png,484
../dataset/cleaned\sporty\pants\sporty_pants_036.png,sporty,pants,sporty_pants_036.png,485
../dataset/cleaned\sporty\pants\sporty_pants_037.png,sporty,pants,sporty_pants_037.png,486
../dataset/cleaned\sporty\pants\sporty_pants_038.png,sporty,pants,sporty_pants_038.png,487
../dataset/cleaned\sporty\pants\sporty_pants_039.png,sporty,pants,sporty_pants_039.png,488
../dataset/cleaned\sporty\pants\sporty_pants_040.png,sporty,pants,sporty_pants_040.png,489
../dataset/cleaned\sporty\pants\sporty_pants_041.png,sporty,pants,sporty_pants_041.png,490
../dataset/cleaned\sporty\pants\sporty_pants_042.png,sporty,pants,sporty_pants_042.png,491
../dataset/cleaned\sporty\pants\sporty_pants_043.png,sporty,pants,sporty_pants_043.png,492
../dataset/cleaned\sporty\pants\sporty_pants_044.png,sporty,pants,sporty_pants_044.png,493
../dataset/cleaned\sporty\pants\sporty_pants_045.png,sporty,pants,sporty_pants_045.png,494
../dataset/cleaned\sporty\pants\sporty_pants_046.png,sporty,pants,sporty_pants_046.png,495
../dataset/cleaned\sporty\pants\sporty_pants_047.png,sporty,pants,sporty_pants_047.png,496
../dataset/cleaned\sporty\pants\sporty_pants_048.png,sporty,pants,sporty_pants_048.png,497
../dataset/cleaned\sporty\pants\sporty_pants_049.png,sporty,pants,sporty_pants_049.png,498
../dataset/cleaned\sporty\pants\sporty_pants_050.png,sporty,pants,sporty_pants_050.png,499
../dataset/cleaned\sporty\shoes\sporty_shoes_001.png,sporty,shoes,sporty_shoes_001.png,500
../dataset/cleaned\sporty\shoes\sporty_shoes_002.png,sporty,shoes,sporty_shoes_002.png,501
../dataset/cleaned\sporty\shoes\sporty_shoes_003.png,sporty,shoes,sporty_shoes_003.png,502
../dataset/cleaned\sporty\shoes\sporty_shoes_004.png,sporty,shoes,sporty_shoes_004.png,503
../dataset/cleaned\sporty\shoes\sporty_shoes_005.png,sporty,shoes,sporty_shoes_005.png,504
../dataset/cleaned\sporty\shoes\sporty_shoes_006.png,sporty,shoes,sporty_shoes_006.png,505
../dataset/cleaned\sporty\shoes\sporty_shoes_007.png,sporty,shoes,sporty_shoes_007.png,506
../dataset/cleaned\sporty\shoes\sporty_shoes_008.png,sporty,shoes,sporty_shoes_008.png,507
../dataset/cleaned\sporty\shoes\sporty_shoes_009.png,sporty,shoes,sporty_shoes_009.png,508
../dataset/cleaned\sporty\shoes\sporty_shoes_010.png,sporty,shoes,sporty_shoes_010.png,509
../dataset/cleaned\sporty\shoes\sporty_shoes_011.png,sporty,shoes,sporty_shoes_011.png,510
../dataset/cleaned\sporty\shoes\sporty_shoes_012.png,sporty,shoes,sporty_shoes_012.png,511
../dataset/cleaned\sporty\shoes\sporty_shoes_013.png,sporty,shoes,sporty_shoes_013.png,512
../dataset/cleaned\sporty\shoes\sporty_shoes_014.png,sporty,shoes,sporty_shoes_014.png,513
../dataset/cleaned\sporty\shoes\sporty_shoes_015.png,sporty,shoes,sporty_shoes_015.png,514
../dataset/cleaned\sporty\shoes\sporty_shoes_016.png,sporty,shoes,sporty_shoes_016.png,515
../dataset/cleaned\sporty\shoes\sporty_shoes_017.png,sporty,shoes,sporty_shoes_017.png,516
../dataset/cleaned\sporty\shoes\sporty_shoes_018.png,sporty,shoes,sporty_shoes_018.png,517
../dataset/cleaned\sporty\shoes\sporty_shoes_019.png,sporty,shoes,sporty_shoes_019.png,518
../dataset/cleaned\sporty\shoes\sporty_shoes_020.png,sporty,shoes,sporty_shoes_020.png,519
../dataset/cleaned\sporty\shoes\sporty_shoes_021.png,sporty,shoes,sporty_shoes_021.png,520
../dataset/cleaned\sporty\shoes\sporty_shoes_022.png,sporty,shoes,sporty_shoes_022.png,521
../dataset/cleaned\sporty\shoes\sporty_shoes_023.png,sporty,shoes,sporty_shoes_023.png,522
../dataset/cleaned\sporty\shoes\sporty_shoes_024.png,sporty,shoes,sporty_shoes_024.png,523
../dataset/cleaned\sporty\shoes\sporty_shoes_025.png,sporty,shoes,sporty_shoes_025.png,524
../dataset/cleaned\sporty\shoes\sporty_shoes_026.png,sporty,shoes,sporty_shoes_026.png,525
../dataset/cleaned\sporty\shoes\sporty_shoes_027.png,sporty,shoes,sporty_shoes_027.png,526
../dataset/cleaned\sporty\shoes\sporty_shoes_028.png,sporty,shoes,sporty_shoes_028.png,527
../dataset/cleaned\sporty\shoes\sporty_shoes_029.png,sporty,shoes,sporty_shoes_029.png,528
../dataset/cleaned\sporty\shoes\sporty_shoes_030.png,sporty,shoes,sporty_shoes_030.png,529
../dataset/cleaned\sporty\shoes\sporty_shoes_031.png,sporty,shoes,sporty_shoes_031.png,530
../dataset/cleaned\sporty\shoes\sporty_shoes_032.png,sporty,shoes,sporty_shoes_032.png,531
../dataset/cleaned\sporty\shoes\sporty_shoes_033.png,sporty,shoes,sporty_shoes_033.png,532
../dataset/cleaned\sporty\shoes\sporty_shoes_034.png,sporty,shoes,sporty_shoes_034.png,533
../dataset/cleaned\sporty\shoes\sporty_shoes_035.png,sporty,shoes,sporty_shoes_035.png,534
../dataset/cleaned\sporty\shoes\sporty_shoes_036.png,sporty,shoes,sporty_shoes_036.png,535
../dataset/cleaned\sporty\shoes\sporty_shoes_037.png,sporty,shoes,sporty_shoes_037.png,536
../dataset/cleaned\sporty\shoes\sporty_shoes_038.png,sporty,shoes,sporty_shoes_038.png,537
../dataset/cleaned\sporty\shoes\sporty_shoes_039.png,sporty,shoes,sporty_shoes_039.png,538
../dataset/cleaned\sporty\shoes\sporty_shoes_040.png,sporty,shoes,sporty_shoes_040.png,539
../dataset/cleaned\sporty\shoes\sporty_shoes_041.png,sporty,shoes,sporty_shoes_041.png,540
../dataset/cleaned\sporty\shoes\sporty_shoes_042.png,sporty,shoes,sporty_shoes_042.png,541
../dataset/cleaned\sporty\shoes\sporty_shoes_043.png,sporty,shoes,sporty_shoes_043.png,542
../dataset/cleaned\sporty\shoes\sporty_shoes_044.png,sporty,shoes,sporty_shoes_044.png,543
../dataset/cleaned\sporty\shoes\sporty_shoes_045.png,sporty,shoes,sporty_shoes_045.png,544
../dataset/cleaned\sporty\shoes\sporty_shoes_046.png,sporty,shoes,sporty_shoes_046.png,545
../dataset/cleaned\sporty\shoes\sporty_shoes_047.png,sporty,shoes,sporty_shoes_047.png,546
../dataset/cleaned\sporty\shoes\sporty_shoes_048.png,sporty,shoes,sporty_shoes_048.png,547
../dataset/cleaned\sporty\shoes\sporty_shoes_049.png,sporty,shoes,sporty_shoes_049.png,548
../dataset/cleaned\sporty\shoes\sporty_shoes_050.png,sporty,shoes,sporty_shoes_050.png,549
../dataset/cleaned\sporty\tshirt\sporty_tshirt_001.png,sporty,tshirt,sporty_tshirt_001.png,550
../dataset/cleaned\sporty\tshirt\sporty_tshirt_002.png,sporty,tshirt,sporty_tshirt_002.png,551
../dataset/cleaned\sporty\tshirt\sporty_tshirt_003.png,sporty,tshirt,sporty_tshirt_003.png,552
../dataset/cleaned\sporty\tshirt\sporty_tshirt_004.png,sporty,tshirt,sporty_tshirt_004.png,553
../dataset/cleaned\sporty\tshirt\sporty_tshirt_005.png,sporty,tshirt,sporty_tshirt_005.png,554
../dataset/cleaned\sporty\tshirt\sporty_tshirt_006.png,sporty,tshirt,sporty_tshirt_006.png,555
../dataset/cleaned\sporty\tshirt\sporty_tshirt_007.png,sporty,tshirt,sporty_tshirt_007.png,556
../dataset/cleaned\sporty\tshirt\sporty_tshirt_008.png,sporty,tshirt,sporty_tshirt_008.png,557
../dataset/cleaned\sporty\tshirt\sporty_tshirt_009.png,sporty,tshirt,sporty_tshirt_009.png,558
../dataset/cleaned\sporty\tshirt\sporty_tshirt_010.png,sporty,tshirt,sporty_tshirt_010.png,559
../dataset/cleaned\sporty\tshirt\sporty_tshirt_011.png,sporty,tshirt,sporty_tshirt_011.png,560
../dataset/cleaned\sporty\tshirt\sporty_tshirt_012.png,sporty,tshirt,sporty_tshirt_012.png,561
../dataset/cleaned\sporty\tshirt\sporty_tshirt_013.png,sporty,tshirt,sporty_tshirt_013.png,562
../dataset/cleaned\sporty\tshirt\sporty_tshirt_014.png,sporty,tshirt,sporty_tshirt_014.png,563
../dataset/cleaned\sporty\tshirt\sporty_tshirt_015.png,sporty,tshirt,sporty_tshirt_015.png,564
../dataset/cleaned\sporty\tshirt\sporty_tshirt_016.png,sporty,tshirt,sporty_tshirt_016.png,565
../dataset/cleaned\sporty\tshirt\sporty_tshirt_017.png,sporty,tshirt,sporty_tshirt_017.png,566
../dataset/cleaned\sporty\tshirt\sporty_tshirt_018.png,sporty,tshirt,sporty_tshirt_018.png,567
../dataset/cleaned\sporty\tshirt\sporty_tshirt_019.png,sporty,tshirt,sporty_tshirt_019.png,568
../dataset/cleaned\sporty\tshirt\sporty_tshirt_020.png,sporty,tshirt,sporty_tshirt_020.png,569
../dataset/cleaned\sporty\tshirt\sporty_tshirt_021.png,sporty,tshirt,sporty_tshirt_021.png,570
../dataset/cleaned\sporty\tshirt\sporty_tshirt_022.png,sporty,tshirt,sporty_tshirt_022.png,571
../dataset/cleaned\sporty\tshirt\sporty_tshirt_023.png,sporty,tshirt,sporty_tshirt_023.png,572
../dataset/cleaned\sporty\tshirt\sporty_tshirt_024.png,sporty,tshirt,sporty_tshirt_024.png,573
../dataset/cleaned\sporty\tshirt\sporty_tshirt_025.png,sporty,tshirt,sporty_tshirt_025.png,574
../dataset/cleaned\sporty\tshirt\sporty_tshirt_026.png,sporty,tshirt,sporty_tshirt_026.png,575
../dataset/cleaned\sporty\tshirt\sporty_tshirt_027.png,sporty,tshirt,sporty_tshirt_027.png,576
../dataset/cleaned\sporty\tshirt\sporty_tshirt_028.png,sporty,tshirt,sporty_tshirt_028.png,577
../dataset/cleaned\sporty\tshirt\sporty_tshirt_029.png,sporty,tshirt,sporty_tshirt_029.png,578
../dataset/cleaned\sporty\tshirt\sporty_tshirt_030.png,sporty,tshirt,sporty_tshirt_030.png,579
../dataset/cleaned\sporty\tshirt\sporty_tshirt_031.png,sporty,tshirt,sporty_tshirt_031.png,580
../dataset/cleaned\sporty\tshirt\sporty_tshirt_032.png,sporty,tshirt,sporty_tshirt_032.png,581
../dataset/cleaned\sporty\tshirt\sporty_tshirt_033.png,sporty,tshirt,sporty_tshirt_033.png,582
../dataset/cleaned\sporty\tshirt\sporty_tshirt_034.png,sporty,tshirt,sporty_tshirt_034.png,583
../dataset/cleaned\sporty\tshirt\sporty_tshirt_035.png,sporty,tshirt,sporty_tshirt_035.png,584
../dataset/cleaned\sporty\tshirt\sporty_tshirt_036.png,sporty,tshirt,sporty_tshirt_036.png,585
../dataset/cleaned\sporty\tshirt\sporty_tshirt_037.png,sporty,tshirt,sporty_tshirt_037.png,586
../dataset/cleaned\sporty\tshirt\sporty_tshirt_038.png,sporty,tshirt,sporty_tshirt_038.png,587
../dataset/cleaned\sporty\tshirt\sporty_tshirt_039.png,sporty,tshirt,sporty_tshirt_039.png,588
../dataset/cleaned\sporty\tshirt\sporty_tshirt_040.png,sporty,tshirt,sporty_tshirt_040.png,589
../dataset/cleaned\sporty\tshirt\sporty_tshirt_041.png,sporty,tshirt,sporty_tshirt_041.png,590
../dataset/cleaned\sporty\tshirt\sporty_tshirt_042.png,sporty,tshirt,sporty_tshirt_042.png,591
../dataset/cleaned\sporty\tshirt\sporty_tshirt_043.png,sporty,tshirt,sporty_tshirt_043.png,592
../dataset/cleaned\sporty\tshirt\sporty_tshirt_044.png,sporty,tshirt,sporty_tshirt_044.png,593
../dataset/cleaned\sporty\tshirt\sporty_tshirt_045.png,sporty,tshirt,sporty_tshirt_045.png,594
../dataset/cleaned\sporty\tshirt\sporty_tshirt_046.png,sporty,tshirt,sporty_tshirt_046.png,595
../dataset/cleaned\sporty\tshirt\sporty_tshirt_047.png,sporty,tshirt,sporty_tshirt_047.png,596
../dataset/cleaned\sporty\tshirt\sporty_tshirt_048.png,sporty,tshirt,sporty_tshirt_048.png,597
../dataset/cleaned\sporty\tshirt\sporty_tshirt_049.png,sporty,tshirt,sporty_tshirt_049.png,598
../dataset/cleaned\sporty\tshirt\sporty_tshirt_050.png,sporty,tshirt,sporty_tshirt_050.png,599
../dataset/cleaned\streetwear\jacket\streetwear_jacket_001.png,streetwear,jacket,streetwear_jacket_001.png,600
../dataset/cleaned\streetwear\jacket\streetwear_jacket_002.png,streetwear,jacket,streetwear_jacket_002.png,601
../dataset/cleaned\streetwear\jacket\streetwear_jacket_003.png,streetwear,jacket,streetwear_jacket_003.png,602
../dataset/cleaned\streetwear\jacket\streetwear_jacket_004.png,streetwear,jacket,streetwear_jacket_004.png,603
../dataset/cleaned\streetwear\jacket\streetwear_jacket_005.png,streetwear,jacket,streetwear_jacket_005.png,604
../dataset/cleaned\streetwear\jacket\streetwear_jacket_006.png,streetwear,jacket,streetwear_jacket_006.png,605
../dataset/cleaned\streetwear\jacket\streetwear_jacket_007.png,streetwear,jacket,streetwear_jacket_007.png,606
../dataset/cleaned\streetwear\jacket\streetwear_jacket_008.png,streetwear,jacket,streetwear_jacket_008.png,607
../dataset/cleaned\streetwear\jacket\streetwear_jacket_009.png,streetwear,jacket,streetwear_jacket_009.png,608
../dataset/cleaned\streetwear\jacket\streetwear_jacket_010.png,streetwear,jacket,streetwear_jacket_010.png,609
../dataset/cleaned\streetwear\jacket\streetwear_jacket_011.png,streetwear,jacket,streetwear_jacket_011.png,610
../dataset/cleaned\streetwear\jacket\streetwear_jacket_012.png,streetwear,jacket,streetwear_jacket_012.png,611
../dataset/cleaned\streetwear\jacket\streetwear_jacket_013.png,streetwear,jacket,streetwear_jacket_013.png,612
../dataset/cleaned\streetwear\jacket\streetwear_jacket_014.png,streetwear,jacket,streetwear_jacket_014.png,613
../dataset/cleaned\streetwear\jacket\streetwear_jacket_015.png,streetwear,jacket,streetwear_jacket_015.png,614
../dataset/cleaned\streetwear\jacket\streetwear_jacket_016.png,streetwear,jacket,streetwear_jacket_016.png,615
../dataset/cleaned\streetwear\jacket\streetwear_jacket_017.png,streetwear,jacket,streetwear_jacket_017.png,616
../dataset/cleaned\streetwear\jacket\streetwear_jacket_018.png,streetwear,jacket,streetwear_jacket_018.png,617
../dataset/cleaned\streetwear\jacket\streetwear_jacket_019.png,streetwear,jacket,streetwear_jacket_019.png,618
../dataset/cleaned\streetwear\jacket\streetwear_jacket_020.png,streetwear,jacket,streetwear_jacket_020.png,619
../dataset/cleaned\streetwear\jacket\streetwear_jacket_021.png,streetwear,jacket,streetwear_jacket_021.png,620
../dataset/cleaned\streetwear\jacket\streetwear_jacket_022.png,streetwear,jacket,streetwear_jacket_022.png,621
../dataset/cleaned\streetwear\jacket\streetwear_jacket_023.png,streetwear,jacket,streetwear_jacket_023.png,622
../dataset/cleaned\streetwear\jacket\streetwear_jacket_024.png,streetwear,jacket,streetwear_jacket_024.png,623
../dataset/cleaned\streetwear\jacket\streetwear_jacket_025.png,streetwear,jacket,streetwear_jacket_025.png,624
../dataset/cleaned\streetwear\jacket\streetwear_jacket_026.png,streetwear,jacket,streetwear_jacket_026.png,625
../dataset/cleaned\streetwear\jacket\streetwear_jacket_027.png,streetwear,jacket,streetwear_jacket_027.png,626
../dataset/cleaned\streetwear\jacket\streetwear_jacket_028.png,streetwear,jacket,streetwear_jacket_028.png,627
../dataset/cleaned\streetwear\jacket\streetwear_jacket_029.png,streetwear,jacket,streetwear_jacket_029.png,628
../dataset/cleaned\streetwear\jacket\streetwear_jacket_030.png,streetwear,jacket,streetwear_jacket_030.png,629
../dataset/cleaned\streetwear\jacket\streetwear_jacket_031.png,streetwear,jacket,streetwear_jacket_031.png,630
../dataset/cleaned\streetwear\jacket\streetwear_jacket_032.png,streetwear,jacket,streetwear_jacket_032.png,631
../dataset/cleaned\streetwear\jacket\streetwear_jacket_033.png,streetwear,jacket,streetwear_jacket_033.png,632
../dataset/cleaned\streetwear\jacket\streetwear_jacket_034.png,streetwear,jacket,streetwear_jacket_034.png,633
../dataset/cleaned\streetwear\jacket\streetwear_jacket_035.png,streetwear,jacket,streetwear_jacket_035.png,634
../dataset/cleaned\streetwear\jacket\streetwear_jacket_036.png,streetwear,jacket,streetwear_jacket_036.png,635
../dataset/cleaned\streetwear\jacket\streetwear_jacket_037.png,streetwear,jacket,streetwear_jacket_037.png,636
../dataset/cleaned\streetwear\jacket\streetwear_jacket_038.png,streetwear,jacket,streetwear_jacket_038.png,637
../dataset/cleaned\streetwear\jacket\streetwear_jacket_039.png,streetwear,jacket,streetwear_jacket_039.png,638
../dataset/cleaned\streetwear\jacket\streetwear_jacket_040.png,streetwear,jacket,streetwear_jacket_040.png,639
../dataset/cleaned\streetwear\jacket\streetwear_jacket_041.png,streetwear,jacket,streetwear_jacket_041.png,640
../dataset/cleaned\streetwear\jacket\streetwear_jacket_042.png,streetwear,jacket,streetwear_jacket_042.png,641
../dataset/cleaned\streetwear\jacket\streetwear_jacket_043.png,streetwear,jacket,streetwear_jacket_043.png,642
../dataset/cleaned\streetwear\jacket\streetwear_jacket_044.png,streetwear,jacket,streetwear_jacket_044.png,643
../dataset/cleaned\streetwear\jacket\streetwear_jacket_045.png,streetwear,jacket,streetwear_jacket_045.png,644
../dataset/cleaned\streetwear\jacket\streetwear_jacket_046.png,streetwear,jacket,streetwear_jacket_046.png,645
../dataset/cleaned\streetwear\jacket\streetwear_jacket_047.png,streetwear,jacket,streetwear_jacket_047.png,646
../dataset/cleaned\streetwear\jacket\streetwear_jacket_048.png,streetwear,jacket,streetwear_jacket_048.png,647
../dataset/cleaned\streetwear\jacket\streetwear_jacket_049.png,streetwear,jacket,streetwear_jacket_049.png,648
../dataset/cleaned\streetwear\jacket\streetwear_jacket_050.png,streetwear,jacket,streetwear_jacket_050.png,649
../dataset/cleaned\streetwear\pants\streetwear_pants_001.png,streetwear,pants,streetwear_pants_001.png,650
../dataset/cleaned\streetwear\pants\streetwear_pants_002.png,streetwear,pants,streetwear_pants_002.png,651
../dataset/cleaned\streetwear\pants\streetwear_pants_003.png,streetwear,pants,streetwear_pants_003.png,652
../dataset/cleaned\streetwear\pants\streetwear_pants_004.png,streetwear,pants,streetwear_pants_004.png,653
../dataset/cleaned\streetwear\pants\streetwear_pants_005.png,streetwear,pants,streetwear_pants_005.png,654
../dataset/cleaned\streetwear\pants\streetwear_pants_006.png,streetwear,pants,streetwear_pants_006.png,655
../dataset/cleaned\streetwear\pants\streetwear_pants_007.png,streetwear,pants,streetwear_pants_007.png,656
../dataset/cleaned\streetwear\pants\streetwear_pants_008.png,streetwear,pants,streetwear_pants_008.png,657
../dataset/cleaned\streetwear\pants\streetwear_pants_009.png,streetwear,pants,streetwear_pants_009.png,658
../dataset/cleaned\streetwear\pants\streetwear_pants_010.png,streetwear,pants,streetwear_pants_010.png,659
../dataset/cleaned\streetwear\pants\streetwear_pants_011.png,streetwear,pants,streetwear_pants_011.png,660
../dataset/cleaned\streetwear\pants\streetwear_pants_012.png,streetwear,pants,streetwear_pants_012.png,661
../dataset/cleaned\streetwear\pants\streetwear_pants_013.png,streetwear,pants,streetwear_pants_013.png,662
../dataset/cleaned\streetwear\pants\streetwear_pants_014.png,streetwear,pants,streetwear_pants_014.png,663
../dataset/cleaned\streetwear\pants\streetwear_pants_015.png,streetwear,pants,streetwear_pants_015.png,664
../dataset/cleaned\streetwear\pants\streetwear_pants_016.png,streetwear,pants,streetwear_pants_016.png,665
../dataset/cleaned\streetwear\pants\streetwear_pants_017.png,streetwear,pants,streetwear_pants_017.png,666
../dataset/cleaned\streetwear\pants\streetwear_pants_018.png,streetwear,pants,streetwear_pants_018.png,667
../dataset/cleaned\streetwear\pants\streetwear_pants_019.png,streetwear,pants,streetwear_pants_019.png,668
../dataset/cleaned\streetwear\pants\streetwear_pants_020.png,streetwear,pants,streetwear_pants_020.png,669
../dataset/cleaned\streetwear\pants\streetwear_pants_021.png,streetwear,pants,streetwear_pants_021.png,670
../dataset/cleaned\streetwear\pants\streetwear_pants_022.png,streetwear,pants,streetwear_pants_022.png,671
../dataset/cleaned\streetwear\pants\streetwear_pants_023.png,streetwear,pants,streetwear_pants_023.png,672
../dataset/cleaned\streetwear\pants\streetwear_pants_024.png,streetwear,pants,streetwear_pants_024.png,673
../dataset/cleaned\streetwear\pants\streetwear_pants_025.png,streetwear,pants,streetwear_pants_025.png,674
../dataset/cleaned\streetwear\pants\streetwear_pants_026.png,streetwear,pants,streetwear_pants_026.png,675
../dataset/cleaned\streetwear\pants\streetwear_pants_027.png,streetwear,pants,streetwear_pants_027.png,676
../dataset/cleaned\streetwear\pants\streetwear_pants_028.png,streetwear,pants,streetwear_pants_028.png,677
../dataset/cleaned\streetwear\pants\streetwear_pants_029.png,streetwear,pants,streetwear_pants_029.png,678
../dataset/cleaned\streetwear\pants\streetwear_pants_030.png,streetwear,pants,streetwear_pants_030.png,679
../dataset/cleaned\streetwear\pants\streetwear_pants_031.png,streetwear,pants,streetwear_pants_031.png,680
../dataset/cleaned\streetwear\pants\streetwear_pants_032.png,streetwear,pants,streetwear_pants_032.png,681
../dataset/cleaned\streetwear\pants\streetwear_pants_033.png,streetwear,pants,streetwear_pants_033.png,682
../dataset/cleaned\streetwear\pants\streetwear_pants_034.png,streetwear,pants,streetwear_pants_034.png,683
../dataset/cleaned\streetwear\pants\streetwear_pants_035.png,streetwear,pants,streetwear_pants_035.png,684
../dataset/cleaned\streetwear\pants\streetwear_pants_036.png,streetwear,pants,streetwear_pants_036.png,685
../dataset/cleaned\streetwear\pants\streetwear_pants_037.png,streetwear,pants,streetwear_pants_037.png,686
../dataset/cleaned\streetwear\pants\streetwear_pants_038.png,streetwear,pants,streetwear_pants_038.png,687
../dataset/cleaned\streetwear\pants\streetwear_pants_039.png,streetwear,pants,streetwear_pants_039.png,688
../dataset/cleaned\streetwear\pants\streetwear_pants_040.png,streetwear,pants,streetwear_pants_040.png,689
../dataset/cleaned\streetwear\pants\streetwear_pants_041.png,streetwear,pants,streetwear_pants_041.png,690
../dataset/cleaned\streetwear\pants\streetwear_pants_042.png,streetwear,pants,streetwear_pants_042.png,691
../dataset/cleaned\streetwear\pants\streetwear_pants_043.png,streetwear,pants,streetwear_pants_043.png,692
../dataset/cleaned\streetwear\pants\streetwear_pants_044.png,streetwear,pants,streetwear_pants_044.png,693
../dataset/cleaned\streetwear\pants\streetwear_pants_045.png,streetwear,pants,streetwear_pants_045.png,694
../dataset/cleaned\streetwear\pants\streetwear_pants_046.png,streetwear,pants,streetwear_pants_046.png,695
../dataset/cleaned\streetwear\pants\streetwear_pants_047.png,streetwear,pants,streetwear_pants_047.png,696
../dataset/cleaned\streetwear\pants\streetwear_pants_048.png,streetwear,pants,streetwear_pants_048.png,697
../dataset/cleaned\streetwear\pants\streetwear_pants_049.png,streetwear,pants,streetwear_pants_049.png,698
../dataset/cleaned\streetwear\pants\streetwear_pants_050.png,streetwear,pants,streetwear_pants_050.png,699
../dataset/cleaned\streetwear\shoes\streetwear_shoes_001.png,streetwear,shoes,streetwear_shoes_001.png,700
../dataset/cleaned\streetwear\shoes\streetwear_shoes_002.png,streetwear,shoes,streetwear_shoes_002.png,701
../dataset/cleaned\streetwear\shoes\streetwear_shoes_003.png,streetwear,shoes,streetwear_shoes_003.png,702
../dataset/cleaned\streetwear\shoes\streetwear_shoes_004.png,streetwear,shoes,streetwear_shoes_004.png,703
../dataset/cleaned\streetwear\shoes\streetwear_shoes_005.png,streetwear,shoes,streetwear_shoes_005.png,704
../dataset/cleaned\streetwear\shoes\streetwear_shoes_006.png,streetwear,shoes,streetwear_shoes_006.png,705
../dataset/cleaned\streetwear\shoes\streetwear_shoes_007.png,streetwear,shoes,streetwear_shoes_007.png,706
../dataset/cleaned\streetwear\shoes\streetwear_shoes_008.png,streetwear,shoes,streetwear_shoes_008.png,707
../dataset/cleaned\streetwear\shoes\streetwear_shoes_009.png,streetwear,shoes,streetwear_shoes_009.png,708
../dataset/cleaned\streetwear\shoes\streetwear_shoes_010.png,streetwear,shoes,streetwear_shoes_010.png,709
../dataset/cleaned\streetwear\shoes\streetwear_shoes_011.png,streetwear,shoes,streetwear_shoes_011.png,710
../dataset/cleaned\streetwear\shoes\streetwear_shoes_012.png,streetwear,shoes,streetwear_shoes_012.png,711
../dataset/cleaned\streetwear\shoes\streetwear_shoes_013.png,streetwear,shoes,streetwear_shoes_013.png,712
../dataset/cleaned\streetwear\shoes\streetwear_shoes_014.png,streetwear,shoes,streetwear_shoes_014.png,713
../dataset/cleaned\streetwear\shoes\streetwear_shoes_015.png,streetwear,shoes,streetwear_shoes_015.png,714
../dataset/cleaned\streetwear\shoes\streetwear_shoes_016.png,streetwear,shoes,streetwear_shoes_016.png,715
../dataset/cleaned\streetwear\shoes\streetwear_shoes_017.png,streetwear,shoes,streetwear_shoes_017.png,716
../dataset/cleaned\streetwear\shoes\streetwear_shoes_018.png,streetwear,shoes,streetwear_shoes_018.png,717
../dataset/cleaned\streetwear\shoes\streetwear_shoes_019.png,streetwear,shoes,streetwear_shoes_019.png,718
../dataset/cleaned\streetwear\shoes\streetwear_shoes_020.png,streetwear,shoes,streetwear_shoes_020.png,719
../dataset/cleaned\streetwear\shoes\streetwear_shoes_021.png,streetwear,shoes,streetwear_shoes_021.png,720
../dataset/cleaned\streetwear\shoes\streetwear_shoes_022.png,streetwear,shoes,streetwear_shoes_022.png,721
../dataset/cleaned\streetwear\shoes\streetwear_shoes_023.png,streetwear,shoes,streetwear_shoes_023.png,722
../dataset/cleaned\streetwear\shoes\streetwear_shoes_024.png,streetwear,shoes,streetwear_shoes_024.png,723
../dataset/cleaned\streetwear\shoes\streetwear_shoes_025.png,streetwear,shoes,streetwear_shoes_025.png,724
../dataset/cleaned\streetwear\shoes\streetwear_shoes_026.png,streetwear,shoes,streetwear_shoes_026.png,725
../dataset/cleaned\streetwear\shoes\streetwear_shoes_027.png,streetwear,shoes,streetwear_shoes_027.png,726
../dataset/cleaned\streetwear\shoes\streetwear_shoes_028.png,streetwear,shoes,streetwear_shoes_028.png,727
../dataset/cleaned\streetwear\shoes\streetwear_shoes_029.png,streetwear,shoes,streetwear_shoes_029.png,728
../dataset/cleaned\streetwear\shoes\streetwear_shoes_030.png,streetwear,shoes,streetwear_shoes_030.png,729
../dataset/cleaned\streetwear\shoes\streetwear_shoes_031.png,streetwear,shoes,streetwear_shoes_031.png,730
../dataset/cleaned\streetwear\shoes\streetwear_shoes_032.png,streetwear,shoes,streetwear_shoes_032.png,731
../dataset/cleaned\streetwear\shoes\streetwear_shoes_033.png,streetwear,shoes,streetwear_shoes_033.png,732
../dataset/cleaned\streetwear\shoes\streetwear_shoes_034.png,streetwear,shoes,streetwear_shoes_034.png,733
../dataset/cleaned\streetwear\shoes\streetwear_shoes_035.png,streetwear,shoes,streetwear_shoes_035.png,734
../dataset/cleaned\streetwear\shoes\streetwear_shoes_036.png,streetwear,shoes,streetwear_shoes_036.png,735
../dataset/cleaned\streetwear\shoes\streetwear_shoes_037.png,streetwear,shoes,streetwear_shoes_037.png,736
../dataset/cleaned\streetwear\shoes\streetwear_shoes_038.png,streetwear,shoes,streetwear_shoes_038.png,737
../dataset/cleaned\streetwear\shoes\streetwear_shoes_039.png,streetwear,shoes,streetwear_shoes_039.png,738
../dataset/cleaned\streetwear\shoes\streetwear_shoes_040.png,streetwear,shoes,streetwear_shoes_040.png,739
../dataset/cleaned\streetwear\shoes\streetwear_shoes_041.png,streetwear,shoes,streetwear_shoes_041.png,740
../dataset/cleaned\streetwear\shoes\streetwear_shoes_042.png,streetwear,shoes,streetwear_shoes_042.png,741
../dataset/cleaned\streetwear\shoes\streetwear_shoes_043.png,streetwear,shoes,streetwear_shoes_043.png,742
../dataset/cleaned\streetwear\shoes\streetwear_shoes_044.png,streetwear,shoes,streetwear_shoes_044.png,743
../dataset/cleaned\streetwear\shoes\streetwear_shoes_045.png,streetwear,shoes,streetwear_shoes_045.png,744
../dataset/cleaned\streetwear\shoes\streetwear_shoes_046.png,streetwear,shoes,streetwear_shoes_046.png,745
../dataset/cleaned\streetwear\shoes\streetwear_shoes_047.png,streetwear,shoes,streetwear_shoes_047.png,746
../dataset/cleaned\streetwear\shoes\streetwear_shoes_048.png,streetwear,shoes,streetwear_shoes_048.png,747
../dataset/cleaned\streetwear\shoes\streetwear_shoes_049.png,streetwear,shoes,streetwear_shoes_049.png,748
../dataset/cleaned\streetwear\shoes\streetwear_shoes_050.png,streetwear,shoes,streetwear_shoes_050.png,749
../dataset/cleaned\streetwear\tshirt\streetwear_tshirt_001.png,streetwear,tshirt,streetwear_tshirt_001.png,750
../dataset/cleaned\streetwear\tshirt\streetwear_tshirt_002.png,streetwear,tshirt,streetwear_tshirt_002.png,751
../dataset/cleaned\streetwear\tshirt\streetwear_tshirt_003.png,streetwear,tshirt,streetwear_tshirt_003.png,752
../dataset/cleaned\streetwear\tshirt\streetwear_tshirt_004.png,streetwear,tshirt,streetwear_tshirt_004.png,753
../dataset/cleaned\streetwear\tshirt\streetwear_tshirt_005.png,streetwear,tshirt,streetwear_tshirt_005.png,754
../dataset/cleaned\streetwear\tshirt\streetwear_tshirt_006.png,streetwear,tshirt,streetwear_tshirt_006.png,755
../dataset/cleaned\streetwear\tshirt\streetwear_tshirt_007.png,streetwear,tshirt,streetwear_tshirt_007.png,756
../dataset/cleaned\streetwear\tshirt\streetwear_tshirt_008.png,streetwear,tshirt,streetwear_tshirt_008.png,757
../dataset/cleaned\streetwear\tshirt\streetwear_tshirt_009.png,streetwear,tshirt,streetwear_tshirt_009.png,758
../dataset/cleaned\streetwear\tshirt\streetwear_tshirt_010.png,streetwear,tshirt,streetwear_tshirt_010.png,759
../dataset/cleaned\streetwear\tshirt\streetwear_tshirt_011.png,streetwear,tshirt,streetwear_tshirt_011.png,760
../dataset/cleaned\streetwear\tshirt\streetwear_tshirt_012.png,streetwear,tshirt,streetwear_tshirt_012.png,761
../dataset/cleaned\streetwear\tshirt\streetwear_tshirt_013.png,streetwear,tshirt,streetwear_tshirt_013.png,762
../dataset/cleaned\streetwear\tshirt\streetwear_tshirt_014.png,streetwear,tshirt,streetwear_tshirt_014.png,763
../dataset/cleaned\streetwear\tshirt\streetwear_tshirt_015.png,streetwear,tshirt,streetwear_tshirt_015.png,764
../dataset/cleaned\streetwear\tshirt\streetwear_tshirt_016.png,streetwear,tshirt,streetwear_tshirt_016.png,765
../dataset/cleaned\streetwear\tshirt\streetwear_tshirt_017.png,streetwear,tshirt,streetwear_tshirt_017.png,766
../dataset/cleaned\streetwear\tshirt\streetwear_tshirt_018.png,streetwear,tshirt,streetwear_tshirt_018.png,767
../dataset/cleaned\streetwear\tshirt\streetwear_tshirt_019.png,streetwear,tshirt,streetwear_tshirt_019.png,768
../dataset/cleaned\streetwear\tshirt\streetwear_tshirt_020.png,streetwear,tshirt,streetwear_tshirt_020.png,769
../dataset/cleaned\streetwear\tshirt\streetwear_tshirt_021.png,streetwear,tshirt,streetwear_tshirt_021.png,770
../dataset/cleaned\streetwear\tshirt\streetwear_tshirt_022.png,streetwear,tshirt,streetwear_tshirt_022.png,771
../dataset/cleaned\streetwear\tshirt\streetwear_tshirt_023.png,streetwear,tshirt,streetwear_tshirt_023.png,772
../dataset/cleaned\streetwear\tshirt\streetwear_tshirt_024.png,streetwear,tshirt,streetwear_tshirt_024.png,773
../dataset/cleaned\streetwear\tshirt\streetwear_tshirt_025.png,streetwear,tshirt,streetwear_tshirt_025.png,774
../dataset/cleaned\streetwear\tshirt\streetwear_tshirt_026.png,streetwear,tshirt,streetwear_tshirt_026.png,775
../dataset/cleaned\streetwear\tshirt\streetwear_tshirt_027.png,streetwear,tshirt,streetwear_tshirt_027.png,776
../dataset/cleaned\streetwear\tshirt\streetwear_tshirt_028.png,streetwear,tshirt,streetwear_tshirt_028.png,777
../dataset/cleaned\streetwear\tshirt\streetwear_tshirt_029.png,streetwear,tshirt,streetwear_tshirt_029.png,778
../dataset/cleaned\streetwear\tshirt\streetwear_tshirt_030.png,streetwear,tshirt,streetwear_tshirt_030.png,779
../dataset/cleaned\streetwear\tshirt\streetwear_tshirt_031.png,streetwear,tshirt,streetwear_tshirt_031.png,780
../dataset/cleaned\streetwear\tshirt\streetwear_tshirt_032.png,streetwear,tshirt,streetwear_tshirt_032.png,781
../dataset/cleaned\streetwear\tshirt\streetwear_tshirt_033.png,streetwear,tshirt,streetwear_tshirt_033.png,782
../dataset/cleaned\streetwear\tshirt\streetwear_tshirt_034.png,streetwear,tshirt,streetwear_tshirt_034.png,783
../dataset/cleaned\streetwear\tshirt\streetwear_tshirt_035.png,streetwear,tshirt,streetwear_tshirt_035.png,784
../dataset/cleaned\streetwear\tshirt\streetwear_tshirt_036.png,streetwear,tshirt,streetwear_tshirt_036.png,785
../dataset/cleaned\streetwear\tshirt\streetwear_tshirt_037.png,streetwear,tshirt,streetwear_tshirt_037.png,786
../dataset/cleaned\streetwear\tshirt\streetwear_tshirt_038.png,streetwear,tshirt,streetwear_tshirt_038.png,787
../dataset/cleaned\streetwear\tshirt\streetwear_tshirt_039.png,streetwear,tshirt,streetwear_tshirt_039.png,788
../dataset/cleaned\streetwear\tshirt\streetwear_tshirt_040.png,streetwear,tshirt,streetwear_tshirt_040.png,789
../dataset/cleaned\streetwear\tshirt\streetwear_tshirt_041.png,streetwear,tshirt,streetwear_tshirt_041.png,790
../dataset/cleaned\streetwear\tshirt\streetwear_tshirt_042.png,streetwear,tshirt,streetwear_tshirt_042.png,791
../dataset/cleaned\streetwear\tshirt\streetwear_tshirt_043.png,streetwear,tshirt,streetwear_tshirt_043.png,792
../dataset/cleaned\streetwear\tshirt\streetwear_tshirt_044.png,streetwear,tshirt,streetwear_tshirt_044.png,793
../dataset/cleaned\streetwear\tshirt\streetwear_tshirt_045.png,streetwear,tshirt,streetwear_tshirt_045.png,794
../dataset/cleaned\streetwear\tshirt\streetwear_tshirt_046.png,streetwear,tshirt,streetwear_tshirt_046.png,795
../dataset/cleaned\streetwear\tshirt\streetwear_tshirt_047.png,streetwear,tshirt,streetwear_tshirt_047.png,796
../dataset/cleaned\streetwear\tshirt\streetwear_tshirt_048.png,streetwear,tshirt,streetwear_tshirt_048.png,797
../dataset/cleaned\streetwear\tshirt\streetwear_tshirt_049.png,streetwear,tshirt,streetwear_tshirt_049.png,798
../dataset/cleaned\streetwear\tshirt\streetwear_tshirt_050.png,streetwear,tshirt,streetwear_tshirt_050.png,799
